,Property Type,Year Built,Site EUI (kBTU/sf)
2,Multifamily Housing,1905,42.6
3,Multifamily Housing,1900,56.8
4,Office,1924,26.3
5,Parking,1980,5.1
6,Office,1973,98.2
7,Office,1963,69
8,Hotel,1893,86.6
10,Residence Hall/Dormitory,2004,90.2
11,Office,1900,63
12,Office,1816,85.5
13,Office,1901,64.5
14,Office,1925,74.2
15,College/University,1996,47.8
16,Multifamily Housing,1890,137.3
17,Multifamily Housing,1965,13.1
18,Office,1897,51.4
19,College/University,1989,160.8
20,Hotel,1909,282.8
21,Office,1911,60.3
22,Barracks,1908,54.3
24,Office,1968,26.2
25,Office,2000,179.2
26,College/University,2015,72.1
27,Multifamily Housing,1900,163.9
28,Office,2000,60
29,Mixed Use Property,1970,306.3
30,Office,1975,61.4
31,Mixed Use Property,1899,60.9
32,Multifamily Housing,2000,52.9
33,Other - Mall,1930,104.2
34,Retail Store,1965,85.5
35,Multifamily Housing,1900,32.9
36,Office,1920,84.3
38,Office,1914,84.6
39,Office,1925,105
41,Multifamily Housing,2009,130
42,Office,1862,78.6
43,Worship Facility,1860,46.1
44,Worship Facility,1945,68.5
45,Office,1968,5.8
46,Office,1900,65.1
48,Office,1900,48.2
49,Office,1898,114.4
50,College/University,1920,60.6
52,Office,1970,80.6
53,Courthouse,1998,75.5
56,Office,1920,59.7
57,Multifamily Housing,1990,29.9
58,Multifamily Housing,1900,63.8
59,Multifamily Housing,1900,78.1
60,Multifamily Housing,1976,59.5
61,Office,1899,86.3
62,Office,1910,66.2
63,Financial Office,1978,86.1
64,Vocational School,1932,77.5
65,Office,1891,85.8
66,Hotel,1875,127
67,Parking,1980,208.1
68,Office,1986,80.2
71,Hotel,1982,89
72,Office,1968,79.7
73,Hotel,1990,82.5
75,Multifamily Housing,1986,38.1
76,Office,1923,85.1
77,Office,1902,120.3
78,Multifamily Housing,1978,12.6
79,Multifamily Housing,1987,49
80,Fire Station,2000,152.2
82,Office,1923,56
83,Other - Recreation,2003,111.3
84,Office,1933,45.1
85,Fire Station,2000,238.6
86,Office,1915,77.8
87,Office,1981,61
88,Office,1985,51.8
89,Office,1978,79.2
90,Office,1847,47.9
91,Multifamily Housing,2001,68.4
92,Financial Office,1987,61.7
93,Distribution Center,1995,78.2
94,Office,1902,51.2
96,Multifamily Housing,1976,59
97,Multifamily Housing,2007,106.1
98,Lifestyle Center,2000,45
99,Office,1980,102.7
100,Multifamily Housing,1901,102.2
101,Office,1926,45.6
102,Office,1981,66.3
103,Other,1990,57.7
104,Parking,1925,3.4
105,Office,1873,63.2
106,Supermarket/Grocery Store,2008,222.3
107,Worship Facility,1954,41.7
108,Office,1970,74.9
109,Office,1908,58.7
110,Office,1988,62.6
111,Office,1974,75.4
112,Office,1988,68.1
113,Office,1899,73.8
114,Office,1911,79.9
115,Multifamily Housing,1974,50.6
116,Fire Station,2000,132.6
117,Office,1989,60.9
118,Office,1899,71.5
119,Mixed Use Property,1960,133
122,Office,1929,46.4
123,Office,1977,63.2
126,Office,1947,49.3
127,Office,1998,88.8
128,Office,1900,42.3
129,Office,1984,141.2
130,Office,1873,73.5
131,Office,1900,95
132,Office,1922,79.4
133,Office,1966,99.2
134,Office,1931,49.8
135,Office,1921,96.4
136,Aquarium,1969,76.8
137,Office,2010,463.5
138,Office,1984,61.8
139,Office,1984,58
140,Office,1903,58
141,Office,1929,47.4
142,Office,1987,96.5
143,Museum,1880,74.8
144,Multifamily Housing,2013,57.1
145,Office,2004,66.3
146,Office,1873,48.4
147,Multifamily Housing,1830,3.5
148,Office,1910,105.6
149,Office,1934,55.4
150,Multifamily Housing,1900,48.9
152,Parking,1969,11.5
153,Office,1980,74.4
155,Hotel,2016,49.6
156,Office,1901,57.9
157,Multifamily Housing,1990,100
158,Multifamily Housing,1990,54.5
160,Office,1929,63.7
161,Office,1905,143.4
163,Multifamily Housing,2006,30.1
164,Multifamily Housing,1900,51.2
165,Office,1877,81.3
167,Hotel,1998,118.1
168,Multifamily Housing,2005,86.4
169,Office,1969,76.4
170,Office,1987,46.4
171,Office,1975,105.9
172,Office,1986,70.1
173,Office,1992,76.1
174,College/University,1973,266
175,Multifamily Housing,2001,66.9
176,Multifamily Housing,1997,124.4
177,Multifamily Housing,1909,61.8
178,Office,1892,47.9
179,Multifamily Housing,1922,140.3
180,Fire Station,2000,43
181,Multifamily Housing,2014,37.8
183,Multifamily Housing,2001,58.1
184,Other,1924,95.4
185,Laboratory,1940,300.1
186,Office,1969,75.6
188,Parking,1925,256.4
189,College/University,1986,139.2
190,Office,1895,60.9
191,Other - Recreation,2000,182.5
192,Multifamily Housing,2013,111.4
193,Laboratory,2002,371
194,Residence Hall/Dormitory,1908,52.7
195,Multifamily Housing,1967,42.9
196,Office,1950,14.8
197,Multifamily Housing,2004,62.8
198,Multifamily Housing,1985,66.8
199,Movie Theater,1990,89.4
200,Office,1916,118.1
201,Office,1899,56.6
202,Office,1899,43.5
203,Office,1910,64.3
204,Office,1984,176.8
205,Mixed Use Property,2000,158.6
206,College/University,1951,85.8
207,Office,1909,69.6
208,Multifamily Housing,1973,41.7
209,Office,1899,6
211,Medical Office,1940,115.3
212,Office,1928,72.2
214,Hotel,1904,100.6
215,Residence Hall/Dormitory,2010,71.3
216,Performing Arts,1928,107
217,Office,1976,99.6
218,Multifamily Housing,1900,82.4
219,Office,2009,70.9
220,Office,1903,92.9
221,Fire Station,2000,121
222,Multifamily Housing,2006,67.5
223,Multifamily Housing,2013,67.1
224,Multifamily Housing,1950,41
225,Office,1898,80.2
226,Office,1898,77.7
227,Office,1899,122.6
228,Office,1922,70.2
229,Office,1988,86.7
231,Office,1928,97.6
232,Office,1905,118.7
233,Multifamily Housing,1918,64.3
234,Hospital (General Medical & Surgical),1982,171.7
235,K-12 School,1976,65.4
236,Multifamily Housing,1994,70.1
237,Office,1984,57.3
238,K-12 School,2000,43.2
239,Office,1874,69
240,Office,1968,46.1
241,Multifamily Housing,2015,50
242,Hotel,1983,88.1
243,Office,1984,57.8
244,Financial Office,2003,118.9
245,"Repair Services (Vehicle, Shoe, Locksmith, etc.)",2000,103
246,Multifamily Housing,1920,58
247,Multifamily Housing,1979,144.1
248,K-12 School,1932,55
249,Multifamily Housing,1920,47.9
250,Library,2000,110.9
251,Social/Meeting Hall,2000,64.6
252,Multifamily Housing,1986,42.4
254,Multifamily Housing,1980,28.1
255,Multifamily Housing,2016,32
256,Multifamily Housing,2004,22
257,Fitness Center/Health Club/Gym,1964,91.5
258,Indoor Arena,1995,96
259,Multifamily Housing,2009,51.3
260,Office,1990,69.7
261,Hotel,2005,109.9
262,Multifamily Housing,1999,86.2
263,Multifamily Housing,2013,74.5
264,Office,1968,114.9
265,Office,1896,73.4
266,Multifamily Housing,1997,46.9
267,Library,2000,59.3
268,Office,1887,32.7
269,Office,1899,49.9
270,Medical Office,1965,155.7
271,Medical Office,2004,80.7
272,Medical Office,2000,341
273,Other - Lodging/Residential,1986,95.2
275,Laboratory,2004,559.7
276,Office,1900,17
277,Mixed Use Property,1900,8.4
278,Multifamily Housing,1907,67
279,Office,1917,15.6
280,Hospital (General Medical & Surgical),1973,316.5
281,Office,1967,86.7
282,Multifamily Housing,1978,75.7
283,Office,1909,60.5
285,Multifamily Housing,1994,211.9
286,Office,1900,51
287,Office,1920,170.3
288,Multifamily Housing,1978,71.2
289,Parking,1975,85.6
290,Multifamily Housing,2008,62.4
291,Police Station,2000,144.6
292,Multifamily Housing,1899,30.8
293,Residence Hall/Dormitory,2000,9.4
294,College/University,1920,34.4
295,Other,2000,247.3
296,Multifamily Housing,1899,41.1
297,Multifamily Housing,1977,95.9
299,Hotel,1968,70.5
300,Multifamily Housing,1962,77.1
301,Multifamily Housing,1975,36
302,Office,1966,59.1
303,Medical Office,1974,77
304,Other - Specialty Hospital,1999,217.3
305,Hospital (General Medical & Surgical),1811,249.1
306,Office,1931,165.8
307,Office,1895,53.4
308,Senior Care Community,1964,105.8
309,Multifamily Housing,1975,76.5
310,Office,1900,2.4
312,Office,1986,17.8
313,Office,1972,65.9
314,Office,1972,293.1
315,Multifamily Housing,1985,64
316,Museum,1951,119.9
317,College/University,1995,107.2
318,College/University,2004,39.1
319,K-12 School,1904,47.8
320,Library,1963,182.3
321,Multifamily Housing,1972,67.6
322,Residence Hall/Dormitory,1927,108.6
323,Multifamily Housing,1918,1.7
324,College/University,2009,78
325,Multifamily Housing,1900,25.8
327,Mixed Use Property,1950,89.9
328,College/University,1903,79.6
329,College/University,1912,186.3
331,Multifamily Housing,1920,75.4
332,Multifamily Housing,1900,30.4
333,Multifamily Housing,1910,81.5
334,College/University,1909,37.8
335,Office,1972,146.2
336,College/University,1995,65.4
338,Multifamily Housing,2006,84.1
339,Other,1920,138.7
340,Multifamily Housing,1891,76.4
341,Medical Office,1909,218
342,Laboratory,2005,313.3
343,Office,1978,52.7
344,K-12 School,1916,60.1
345,Parking,1987,5.7
346,Laboratory,1992,440.6
347,Laboratory,1905,193
348,Hotel,1961,68.5
349,Laboratory,1905,225.7
350,Multifamily Housing,1973,54.8
351,Other - Education,1987,47.1
352,Laboratory,1905,210.8
353,College/University,1905,63.7
354,Mixed Use Property,1880,15.7
355,Museum,2011,154.3
356,Office,1905,144
357,Laboratory,1977,432.4
359,College/University,1905,221.8
360,Mixed Use Property,1927,132.4
361,Museum,1903,96.2
362,College/University,1867,65.8
363,Laboratory,2008,435.5
364,Multifamily Housing,1978,86.6
365,Other - Specialty Hospital,1914,484
366,Office,1901,45.6
367,College/University,1904,139.4
368,Multifamily Housing,1899,83.1
369,Fitness Center/Health Club/Gym,2014,191.8
370,Office,1965,121.4
371,Laboratory,2004,429.3
372,College/University,1956,128.8
373,Office,1989,104
374,Multifamily Housing,1978,71.5
375,Multifamily Housing,1978,51.4
376,College/University,1923,68
377,Parking,1975,4.7
378,Multifamily Housing,1899,115.5
380,College/University,1956,142.2
381,Multifamily Housing,1913,50.5
382,Multifamily Housing,1889,66.3
383,Office,1992,121.6
384,Multifamily Housing,1920,70.3
385,Library,1964,95.9
386,Laboratory,1992,451.8
387,Hotel,2007,67.7
388,Multifamily Housing,1990,44
389,College/University,1919,160.9
390,Residence Hall/Dormitory,1958,40.5
391,College/University,1954,191
393,Multifamily Housing,1988,48.2
394,Medical Office,1948,189.8
395,Office,1905,213.7
396,Multifamily Housing,1960,56.4
397,Residence Hall/Dormitory,1962,64.8
398,Residence Hall/Dormitory,1964,70.3
399,Supermarket/Grocery Store,1978,335.3
400,Residence Hall/Dormitory,1966,42.6
401,Parking,1948,6.8
402,Laboratory,1977,381.8
403,College/University,1926,56.7
404,Multifamily Housing,1926,2.1
405,Museum,1900,281.7
406,Multifamily Housing,1890,72.1
407,Multifamily Housing,1978,77.5
408,Multifamily Housing,1900,115.1
409,Multifamily Housing,1900,20.9
410,Mixed Use Property,1970,248.2
411,Multifamily Housing,1900,9.6
413,College/University,1910,85.9
414,Fire Station,2000,96.1
415,Fire Station,2000,271.6
417,Multifamily Housing,1925,70.6
418,Multifamily Housing,1912,48.7
419,Multifamily Housing,1900,56
420,Multifamily Housing,2012,100.9
421,College/University,1960,254.4
422,College/University,2013,0.3
423,College/University,2013,43.2
424,College/University,1995,145.8
425,College/University,2001,63.4
426,Hospital (General Medical & Surgical),2008,486.9
427,College/University,2001,60.7
428,Multifamily Housing,1987,97.9
429,Multifamily Housing,1981,41.4
430,College/University,1910,94
431,Hospital (General Medical & Surgical),1910,331.5
432,Multifamily Housing,2000,69.8
433,College/University,1910,46.1
434,Multifamily Housing,1900,64.3
435,Laboratory,2003,335.4
436,K-12 School,1922,68.8
437,College/University,1912,89.4
438,Ambulatory Surgical Center,2012,205.9
439,Multifamily Housing,1920,520.3
440,Multifamily Housing,1978,77.9
441,College/University,1923,95.9
442,Multifamily Housing,1900,19.9
443,College/University,1950,80.8
444,Fire Station,2000,48.7
445,Multifamily Housing,1978,72.7
446,Multifamily Housing,1995,96.9
447,College/University,2013,1.4
448,Mixed Use Property,1900,53.8
449,Multifamily Housing,2001,131.2
451,Office,2001,68
452,Multifamily Housing,1987,58.3
453,Multifamily Housing,1926,57.5
454,Other,1969,19.2
455,Office,1983,104
456,Mixed Use Property,2009,68.6
457,Hotel,1983,80.9
458,Office,1990,55.8
459,Multifamily Housing,2002,131.1
460,Multifamily Housing,1927,83.4
461,College/University,1891,79.7
462,Other,1967,1.8
463,Hotel,1971,107.8
464,Retail Store,1960,13.8
465,Office,2003,91.7
466,Multifamily Housing,2009,52.3
467,Office,1929,85.1
468,Hotel,1985,138.2
469,Mixed Use Property,1930,110
470,Mixed Use Property,1890,110.4
471,Residence Hall/Dormitory,2006,133.7
472,Worship Facility,1861,54.2
473,K-12 School,1885,49.1
474,K-12 School,1911,52.4
475,Other - Education,1879,84.5
476,Office,2013,77.8
477,Multifamily Housing,1871,76.4
478,Office,1899,45.3
479,Office,1958,74.1
480,Multifamily Housing,1968,59
481,College/University,1931,70.3
482,Hotel,2012,198.1
483,Multifamily Housing,1985,40.8
485,K-12 School,1999,43
486,Financial Office,1922,37.1
487,Office,1976,92
488,Fire Station,2000,101
489,Mixed Use Property,1995,43.6
490,Hotel,1980,64.5
491,Multifamily Housing,1986,33.6
494,College/University,1926,107.1
495,Social/Meeting Hall,1888,122.9
496,Multifamily Housing,1891,363.1
497,Office,1991,57.7
498,Multifamily Housing,1983,58.8
499,Other - Education,1899,215.6
500,Performing Arts,1910,189
502,Multifamily Housing,1871,60
503,Hotel,2005,104.4
504,Multifamily Housing,1900,14.5
505,Multifamily Housing,1911,57.3
506,Office,1930,58.3
507,Other,1885,45.2
508,Mixed Use Property,1988,93.1
510,Mixed Use Property,1922,55.4
511,Multifamily Housing,1985,52.5
513,Office,1899,98.4
514,Hotel,2004,117.5
515,Multifamily Housing,1900,86.7
516,Retail Store,1927,4.3
517,Office,1930,35.5
518,Office,1900,70
519,Office,1984,73.3
520,Hotel,1899,132.5
521,Office,1906,52
522,Hotel,1925,70.5
523,Office,1937,45.8
524,Multifamily Housing,2015,47.6
525,Retail Store,1863,90
526,Multifamily Housing,1971,125.1
527,Hotel,1891,96.6
528,Other,1850,18
529,Multifamily Housing,1965,73.9
530,Multifamily Housing,1977,122.8
531,Office,1987,58.1
532,Office,1940,85.8
533,Multifamily Housing,2004,128.9
534,Multifamily Housing,1985,420.3
535,Office,1963,57.3
536,College/University,2010,182.5
537,Office,1972,70.9
538,Multifamily Housing,1929,25.6
539,Office,1910,108.1
540,Office,1965,96.1
541,Hotel,1900,86.2
542,Worship Facility,1875,52.4
543,Library,2000,120.1
544,Worship Facility,1972,63.6
545,Office,1983,50.8
546,Library,2000,96
547,Hotel,1900,125.2
548,Mixed Use Property,1988,14.9
549,Office,1913,52.1
550,Mixed Use Property,1860,99.2
551,Mixed Use Property,1905,305.3
552,Multifamily Housing,2014,49.3
553,Multifamily Housing,1900,62.1
557,Office,1985,59.1
558,Multifamily Housing,1900,19.9
559,K-12 School,1959,59.1
560,Performing Arts,1900,70.7
561,Multifamily Housing,2004,130.2
562,Hotel,1971,100.4
563,Medical Office,1969,251
564,Self-Storage Facility,1984,31.1
565,Office,1902,158.4
566,Multifamily Housing,2001,92.9
567,Office,1900,82.4
568,Office,2000,41
569,Multifamily Housing,1867,78.9
570,Multifamily Housing,1998,107.6
571,Pre-school/Daycare,1930,40.8
572,Office,2000,9.9
573,Fire Station,2000,194.6
574,Other,1985,58.5
575,Multifamily Housing,1944,68.8
576,Manufacturing/Industrial Plant,1926,13
577,Manufacturing/Industrial Plant,1952,127.3
578,Multifamily Housing,1900,50.5
579,Worship Facility,1875,78.8
580,Self-Storage Facility,1920,8.9
582,Multifamily Housing,1997,116.6
583,Multifamily Housing,1900,24.8
584,Manufacturing/Industrial Plant,1960,46
585,Multifamily Housing,2002,55.4
586,Multifamily Housing,1991,53.5
587,Multifamily Housing,1990,64.6
588,Multifamily Housing,1991,74.8
589,Multifamily Housing,1999,106
590,Police Station,2000,50.6
591,Multifamily Housing,2003,53
592,Other - Public Services,2000,31.3
593,Multifamily Housing,2009,79.2
595,Multifamily Housing,1991,61.3
596,Non-Refrigerated Warehouse,2004,17.4
597,Mixed Use Property,1964,15
598,Other - Lodging/Residential,2007,9.8
599,Multifamily Housing,2015,78.9
600,Mixed Use Property,2015,36.2
601,Other,1988,22.1
602,Other - Lodging/Residential,2005,24
604,Other - Lodging/Residential,1930,141.6
605,K-12 School,1975,71.6
606,K-12 School,1900,62.8
607,"Repair Services (Vehicle, Shoe, Locksmith, etc.)",2000,69.8
608,Office,1900,32.9
609,Office,1897,45
610,Office,1887,58.4
611,Multifamily Housing,2006,98.5
612,Office,1893,37.2
613,Multifamily Housing,1985,29.9
615,Mixed Use Property,2003,4.5
616,Mixed Use Property,1900,47.8
617,Refrigerated Warehouse,1981,68.9
618,Multifamily Housing,1980,50.6
619,Laboratory,1895,194.3
620,Multifamily Housing,2015,49.2
621,Multifamily Housing,1971,90.8
622,Multifamily Housing,1930,107.5
623,Medical Office,1990,365.2
625,Laboratory,2008,266.4
626,Multifamily Housing,1930,87.6
627,Multifamily Housing,1971,187.5
628,Laboratory,1999,286.6
629,Multifamily Housing,1990,38.7
630,Police Station,2000,289.8
632,Library,2000,58.3
633,K-12 School,1961,68.2
634,Laboratory,1993,351.3
635,Other - Lodging/Residential,2007,23.5
636,Fire Station,2000,63.3
637,Parking,2000,0.9
638,Multifamily Housing,1976,91.9
639,Laboratory,1968,133
640,Multifamily Housing,1976,102.5
641,Laboratory,1972,199.5
642,Medical Office,1918,426.3
644,Multifamily Housing,1992,91.5
645,Laboratory,1959,174.2
646,Laboratory,1904,268.5
647,Multifamily Housing,1972,83.6
648,Office,1889,11.6
649,Office,2007,116.4
650,Medical Office,1876,54.1
651,Multifamily Housing,1986,100.2
653,Mixed Use Property,1920,42.6
654,Self-Storage Facility,2001,9.6
655,Manufacturing/Industrial Plant,1950,272.2
656,Hospital (General Medical & Surgical),1986,255.1
657,Retail Store,1986,46.4
658,Non-Refrigerated Warehouse,2000,130.5
659,Multifamily Housing,1930,108.8
660,Pre-school/Daycare,1968,120.1
661,Non-Refrigerated Warehouse,1930,30.5
662,Office,2000,98.4
663,K-12 School,1912,46.8
665,Multifamily Housing,1871,54
666,K-12 School,1905,66.7
667,Multifamily Housing,1972,135.3
668,Swimming Pool,2000,250.5
669,Multifamily Housing,1962,56.7
670,Multifamily Housing,1945,109.8
671,K-12 School,1922,62.6
672,K-12 School,1904,59.4
673,Mixed Use Property,1840,53.5
674,Fire Station,2000,118.9
675,Multifamily Housing,1920,44
676,Fire Station,2000,106.8
677,Manufacturing/Industrial Plant,1997,60.2
678,Multifamily Housing,1920,81
680,Urgent Care/Clinic/Other Outpatient,2000,12.7
681,Multifamily Housing,1900,49.6
682,Multifamily Housing,1920,103.4
683,Multifamily Housing,2005,27
684,K-12 School,1929,48.7
686,Multifamily Housing,1920,61.1
687,Multifamily Housing,1920,48.8
688,Multifamily Housing,1920,44.2
689,Multifamily Housing,1920,45.7
690,Library,2000,96.5
691,K-12 School,1937,61.3
692,Other - Lodging/Residential,2007,121.7
693,Multifamily Housing,2005,135.4
695,Multifamily Housing,2013,57.8
696,Multifamily Housing,2012,66.5
697,Multifamily Housing,1900,58
698,Multifamily Housing,2010,45.4
699,Multifamily Housing,1925,50.3
700,Police Station,2000,106.7
701,Multifamily Housing,2000,77.3
702,Distribution Center,1967,19.8
703,Multifamily Housing,1889,95.9
704,Office,2009,95.4
705,K-12 School,1998,87.3
706,Social/Meeting Hall,2000,360.4
707,Multifamily Housing,2014,32.2
708,"Repair Services (Vehicle, Shoe, Locksmith, etc.)",2000,72.1
709,Other - Lodging/Residential,1985,124.8
710,Multifamily Housing,2001,89.7
711,Multifamily Housing,2001,138.4
712,Multifamily Housing,1900,58.7
713,Police Station,2000,169.6
714,Multifamily Housing,2009,49.9
715,Multifamily Housing,1960,71.4
716,K-12 School,1932,52.5
717,Multifamily Housing,2005,68.2
718,Multifamily Housing,1900,59
719,Non-Refrigerated Warehouse,1930,9.4
720,Multifamily Housing,1945,248.1
721,Enclosed Mall,1965,19.8
722,Social/Meeting Hall,2000,76.9
724,Multifamily Housing,1920,31
725,Other - Education,1920,40.9
726,Multifamily Housing,2015,97.3
727,Multifamily Housing,1981,68
728,Multifamily Housing,1993,119
729,K-12 School,1909,60.4
730,Mixed Use Property,1876,2
731,Multifamily Housing,1966,26.4
732,Office,1870,76.7
733,K-12 School,1924,71.1
734,K-12 School,1923,64
735,Office,2000,99.3
736,Multifamily Housing,1974,62.7
737,Fire Station,2000,89.7
738,Office,1900,50.7
739,Multifamily Housing,1940,55
740,Multifamily Housing,1973,77.6
741,Multifamily Housing,1920,96
742,Multifamily Housing,2012,77.2
743,Distribution Center,1925,53.2
744,Multifamily Housing,1990,78
745,K-12 School,2002,75.9
746,Office,2001,56.4
747,Multifamily Housing,2000,60
749,Multifamily Housing,1998,10.5
750,Multifamily Housing,1900,95.5
751,Other,2001,5.4
752,Office,1993,108.1
753,Police Station,2000,216.2
755,Multifamily Housing,1980,24.6
756,Multifamily Housing,1978,40.4
757,Hospital (General Medical & Surgical),1893,270.2
758,Social/Meeting Hall,2000,88.3
759,Library,2000,152.5
760,Worship Facility,1890,37.5
761,Multifamily Housing,1965,74.9
762,Supermarket/Grocery Store,2005,314.3
763,Office,2003,158.2
764,Police Station,2000,24.4
765,Multifamily Housing,1920,50.6
766,Multifamily Housing,1964,79.3
767,Multifamily Housing,1990,64.8
768,Multifamily Housing,1900,96.9
769,Multifamily Housing,2015,63.3
770,Multifamily Housing,2000,66.1
771,K-12 School,1959,67.4
772,Multifamily Housing,2000,58.7
773,Multifamily Housing,1920,63.2
774,Other - Education,2003,96.2
775,K-12 School,1925,68.2
776,Social/Meeting Hall,2000,19
777,K-12 School,1972,59.4
778,Multifamily Housing,1970,67.1
779,Adult Education,1970,44.2
780,Police Station,2000,187.9
781,Other - Recreation,2000,3.2
782,Multifamily Housing,1929,77.6
783,Multifamily Housing,1920,74.2
784,Multifamily Housing,2008,91
785,Multifamily Housing,1980,80.5
786,Multifamily Housing,2001,70.4
787,Multifamily Housing,1845,64
788,Multifamily Housing,1845,65.4
789,Multifamily Housing,1940,44.7
790,Multifamily Housing,1899,86
791,K-12 School,1969,78.6
792,Multifamily Housing,1988,57
793,Multifamily Housing,1920,45.6
794,Multifamily Housing,1920,111.5
795,Multifamily Housing,2012,103.9
796,Multifamily Housing,1930,78.2
797,Multifamily Housing,1920,51
798,Multifamily Housing,1920,56.3
799,K-12 School,1925,48.6
800,Food Service,1930,101.6
801,Office,1968,92.8
802,Multifamily Housing,2008,57.3
803,Multifamily Housing,2006,62
804,K-12 School,1926,40
805,Multifamily Housing,1980,56.7
806,Multifamily Housing,1940,48.9
807,Multifamily Housing,1940,70.8
808,Multifamily Housing,1890,71
809,K-12 School,2002,64.3
810,Multifamily Housing,2001,65.6
811,Office,1999,22.2
812,Fire Station,2000,115.5
813,Multifamily Housing,1899,85.4
814,Retail Store,1999,170.8
815,Supermarket/Grocery Store,2005,232.2
817,Multifamily Housing,1845,87
818,Multifamily Housing,1845,92.2
819,Multifamily Housing,1920,51.7
820,Multifamily Housing,1920,112.6
821,Multifamily Housing,1930,85.5
822,K-12 School,1934,77.1
823,Multifamily Housing,1920,115.2
824,Multifamily Housing,1980,53.7
825,K-12 School,1937,49.3
826,K-12 School,1972,122.6
827,Multifamily Housing,1910,87.8
828,Multifamily Housing,1930,90.3
829,Multifamily Housing,1920,90.2
830,K-12 School,1973,88.6
831,Multifamily Housing,1983,53.7
832,Office,1912,39.9
833,K-12 School,1925,90.3
834,Supermarket/Grocery Store,2005,188.3
835,Non-Refrigerated Warehouse,1975,9.8
836,Multifamily Housing,2008,70
837,Library,2000,65.4
838,Residence Hall/Dormitory,1930,9.8
839,K-12 School,1957,108.2
840,K-12 School,1926,40.2
841,Multifamily Housing,2006,70.9
842,Fire Station,2000,24.7
843,K-12 School,1900,57.6
844,K-12 School,2008,32.4
845,K-12 School,1905,18.3
846,Office,1910,45
847,Fire Station,2000,134.4
848,Senior Care Community,1953,235.9
849,Senior Care Community,1973,76.9
850,Supermarket/Grocery Store,2003,291.6
851,Police Station,2000,155.1
852,Self-Storage Facility,2009,16
853,Multifamily Housing,2012,77.3
854,Multifamily Housing,1980,85.1
855,Office,1985,40.8
856,Supermarket/Grocery Store,2005,223.3
857,"Repair Services (Vehicle, Shoe, Locksmith, etc.)",2000,32.6
859,Library,2000,71.5
860,Fire Station,2000,128.2
861,Retail Store,1965,112.1
863,Hotel,1972,102.8
864,Other - Entertainment/Public Assembly,1959,126.9
865,K-12 School,1972,57.6
866,Hotel,1985,72.3
867,K-12 School,2002,65
868,Other - Recreation,2000,57.1
869,Multifamily Housing,1900,66.5
870,K-12 School,1892,51
871,Multifamily Housing,1920,97.8
872,Multifamily Housing,2003,54.8
873,Police Station,2000,205.6
874,Senior Care Community,1880,101.7
875,Multifamily Housing,1970,85.5
876,Multifamily Housing,1980,60.8
878,Other - Lodging/Residential,1967,41.4
879,Multifamily Housing,1940,157.4
880,K-12 School,1950,91.5
881,Multifamily Housing,1979,61.9
882,K-12 School,1971,75.7
883,Multifamily Housing,1930,106.8
884,Office,2009,122.8
885,K-12 School,1932,59.1
886,Fire Station,2000,51.3
887,Hospital (General Medical & Surgical),1953,189.5
888,Multifamily Housing,1962,6.2
889,Multifamily Housing,1964,13.7
891,Library,2000,112.8
892,Multifamily Housing,2012,45.4
893,K-12 School,1971,72.3
894,Multifamily Housing,1930,108.3
895,K-12 School,1906,45.1
896,K-12 School,1919,36.4
897,Multifamily Housing,1940,66.1
898,Multifamily Housing,2004,760.1
899,Multifamily Housing,1987,40
900,Multifamily Housing,1971,118.3
902,Urgent Care/Clinic/Other Outpatient,2000,76.1
904,Multifamily Housing,1968,53.7
905,Multifamily Housing,1968,46.4
906,Multifamily Housing,2003,46.6
907,Fire Station,2000,68.5
908,K-12 School,1925,57.6
909,K-12 School,1995,113.3
910,Multifamily Housing,1980,50.1
911,Fire Station,2000,212.3
912,Other - Education,1925,6.4
913,Senior Care Community,1927,126
914,K-12 School,1899,42.6
915,College/University,1900,28.1
916,Multifamily Housing,2010,71.5
917,Multifamily Housing,1987,61.9
918,Office,1984,132.1
919,K-12 School,2000,69.7
920,Multifamily Housing,1982,53.4
921,K-12 School,1950,82.5
922,Office,1984,71.5
923,"Repair Services (Vehicle, Shoe, Locksmith, etc.)",2000,87.6
924,"Repair Services (Vehicle, Shoe, Locksmith, etc.)",2007,90.4
925,Multifamily Housing,1900,69.7
926,Multifamily Housing,2000,77.4
928,Hotel,1999,80.2
929,Multifamily Housing,1900,65.7
930,Multifamily Housing,1920,123.6
931,K-12 School,1957,96.3
932,Multifamily Housing,2015,17.6
933,K-12 School,1911,55.3
934,K-12 School,1896,41.1
935,K-12 School,1970,389
936,Multifamily Housing,2008,67.6
937,Multifamily Housing,2005,66.1
939,Multifamily Housing,1989,36.5
940,Multifamily Housing,2006,101.5
941,Multifamily Housing,1920,55.7
943,Multifamily Housing,1920,59
944,Retail Store,1998,59.5
945,Urgent Care/Clinic/Other Outpatient,2000,100.8
946,Multifamily Housing,2015,21.1
947,Multifamily Housing,2015,30.9
948,Multifamily Housing,2015,39.8
949,Performing Arts,2000,308.4
950,Non-Refrigerated Warehouse,1950,0.5
951,Multifamily Housing,2005,51
952,Multifamily Housing,1899,94.9
954,Fire Station,2000,74.8
958,K-12 School,1909,58.6
959,Manufacturing/Industrial Plant,1910,74.9
960,Multifamily Housing,1900,64
961,K-12 School,1903,72.7
962,Manufacturing/Industrial Plant,1937,56.7
963,K-12 School,2008,49
964,Strip Mall,2005,122.8
966,Multifamily Housing,1977,92.3
967,Manufacturing/Industrial Plant,1945,46.7
969,K-12 School,1977,84
970,K-12 School,1931,45.4
971,K-12 School,1998,72.6
972,Library,2000,145.7
973,Multifamily Housing,1930,46.1
974,Multifamily Housing,1968,68.7
975,K-12 School,1931,47.4
976,Retail Store,1935,5.8
977,K-12 School,1930,47.3
978,Police Station,2000,70.7
979,Multifamily Housing,1900,80.9
980,Multifamily Housing,1915,48.5
981,Office,2000,25.3
982,"Repair Services (Vehicle, Shoe, Locksmith, etc.)",2000,7.3
983,Multifamily Housing,2012,41.6
984,Multifamily Housing,2008,8.4
985,Multifamily Housing,1965,39.5
986,Multifamily Housing,1963,50
987,Multifamily Housing,1969,94.6
988,Multifamily Housing,1996,58.3
989,Social/Meeting Hall,2000,90.8
990,Multifamily Housing,2008,81.1
991,Multifamily Housing,1962,9.3
993,Non-Refrigerated Warehouse,2000,25.5
995,Strip Mall,1980,6
997,Office,1900,21.9
998,Multifamily Housing,2013,14.4
999,Office,1900,112.2
1000,Social/Meeting Hall,2000,194.7
1002,Multifamily Housing,1968,132.8
1003,Senior Care Community,1964,126.8
1004,Multifamily Housing,1975,60.1
1005,Senior Care Community,1963,94.9
1006,Office,1900,92.9
1007,Multifamily Housing,1989,42.2
1008,Non-Refrigerated Warehouse,1975,63.6
1009,Other,1981,127.2
1010,K-12 School,1936,44.2
1011,Office,1900,133.3
1012,K-12 School,1975,101.1
1013,Multifamily Housing,2015,122.1
1015,Multifamily Housing,2012,67
1016,Fire Station,2000,97.5
1018,Mixed Use Property,1848,37
1021,Multifamily Housing,1987,90.7
1023,Self-Storage Facility,1985,26.4
1024,Office,1947,80.8
1025,Medical Office,1885,136.9
1026,Office,1901,3
1027,Non-Refrigerated Warehouse,1930,60.9
1028,K-12 School,1926,60.8
1029,Multifamily Housing,2008,38.4
1030,Mixed Use Property,1819,10.3
1031,Non-Refrigerated Warehouse,1900,32.7
1032,Other - Services,1920,263.8
1033,Office,1900,73.8
1034,Office,1900,78.1
1036,Library,2000,67.9
1037,K-12 School,1972,69.2
1038,Fire Station,2000,93.3
1039,Supermarket/Grocery Store,2005,307.4
1040,Office,1900,35.2
1041,Multifamily Housing,1967,60.6
1042,Multifamily Housing,1967,36.4
1043,K-12 School,1904,52.7
1044,Multifamily Housing,1967,31.8
1045,Office,1900,18.9
1046,Office,1986,50.6
1047,Multifamily Housing,1967,33.3
1048,K-12 School,1901,51.3
1049,Police Station,2000,440.7
1050,Manufacturing/Industrial Plant,1905,626.1
1051,Fire Station,2000,139.7
1052,Urgent Care/Clinic/Other Outpatient,1978,119.8
1053,Senior Care Community,1900,60.9
1054,Hotel,1993,112.9
1055,K-12 School,1958,51.4
1057,Social/Meeting Hall,2000,33.8
1058,Swimming Pool,2000,143.7
1059,Manufacturing/Industrial Plant,1954,39.4
1060,Multifamily Housing,1900,113.5
1061,K-12 School,1926,37.2
1062,Residence Hall/Dormitory,1900,41.8
1063,K-12 School,1998,66.6
1064,Other - Stadium,2000,7.8
1065,Mixed Use Property,1910,34.5
1066,Self-Storage Facility,2000,10.4
1067,Multifamily Housing,2005,32.3
1068,K-12 School,1910,45.8
1069,Multifamily Housing,2012,6.6
1070,Library,2000,14.7
1071,Urgent Care/Clinic/Other Outpatient,2012,111.4
1072,Hotel,2003,45.5
1073,K-12 School,1905,46.4
1075,Multifamily Housing,1996,74.3
1076,Fire Station,2000,130
1077,Library,2000,8.7
1078,Multifamily Housing,1878,6.2
1079,K-12 School,1975,112.4
1080,K-12 School,1932,42.1
1081,K-12 School,1926,35.5
1082,Fire Station,2000,137
1083,Library,2013,76.8
1084,K-12 School,1924,52.8
1085,Multifamily Housing,1975,82.6
1086,K-12 School,2016,12.2
1087,Non-Refrigerated Warehouse,1960,29.4
1088,K-12 School,1921,50.3
1089,Multifamily Housing,2014,20.9
1090,Other - Public Services,2000,120.2
1092,Multifamily Housing,1979,55.1
1093,Multifamily Housing,1977,132.3
1094,Multifamily Housing,1900,84.8
1095,Police Station,2000,159.2
1096,Multifamily Housing,1975,88.8
1097,Social/Meeting Hall,2000,58.3
1098,K-12 School,1926,58.9
1099,Multifamily Housing,1900,20.5
1100,K-12 School,1958,44.9
1101,Manufacturing/Industrial Plant,1986,25.8
1102,Office,1989,68.6
1103,Multifamily Housing,2000,68.4
1104,Office,1989,110.6
1105,Manufacturing/Industrial Plant,1950,163.1
1106,Other - Lodging/Residential,1996,16.2
1107,Multifamily Housing,1986,39
1108,Multifamily Housing,1989,27
1109,Medical Office,1904,280.9
1110,Multifamily Housing,1984,25.3
1111,Medical Office,1919,240
1112,Hotel,1992,58.2
1113,Library,2000,88.6
1114,Multifamily Housing,1989,48.4
1115,Police Station,2000,100.9
1116,Fire Station,2000,78
1117,Multifamily Housing,1974,54.5
1118,K-12 School,1978,75.8
1119,Multifamily Housing,2008,54.1
1120,K-12 School,1932,47.1
1121,Multifamily Housing,1974,60.9
1122,Multifamily Housing,2007,46.8
1123,Multifamily Housing,1986,45.7
1124,Hospital (General Medical & Surgical),2012,199.3
1125,Multifamily Housing,1989,29.2
1126,Fire Station,2000,61.5
1127,Hotel,2002,413.9
1128,Fitness Center/Health Club/Gym,2000,18
1129,Office,1865,69.6
1130,Manufacturing/Industrial Plant,1965,129.7
1131,Multifamily Housing,1979,71.9
1133,Distribution Center,1899,13.3
1134,Fitness Center/Health Club/Gym,2000,35.4
1135,Non-Refrigerated Warehouse,1954,8.5
1136,Office,1920,375.3
1137,Multifamily Housing,1983,19.4
1138,Manufacturing/Industrial Plant,1965,73.1
1139,K-12 School,1972,83.2
1140,K-12 School,1963,41.1
1141,Other,1920,31.8
1142,Other,1925,125.7
1144,Fire Station,2000,116.7
1145,Office,1928,55.4
1146,Strip Mall,1985,168
1147,Office,1910,33.9
1148,Office,1900,54.7
1149,Other - Services,1920,73
1150,Laboratory,1848,323.6
1151,Multifamily Housing,2013,50.1
1152,K-12 School,2000,7.1
1153,Multifamily Housing,1971,112.5
1154,Multifamily Housing,2004,89.3
1155,Multifamily Housing,1986,61.1
1156,Parking,1900,3.4
1158,Multifamily Housing,1928,97.8
1159,Multifamily Housing,1964,77.7
1160,Multifamily Housing,1965,58
1161,Hospital (General Medical & Surgical),1903,292.4
1163,K-12 School,1941,64.8
1165,Senior Care Community,1970,120.1
1166,Multifamily Housing,1936,76.8
1167,K-12 School,1973,90.2
1168,Multifamily Housing,1998,71.8
1169,Multifamily Housing,2015,33.4
1170,Senior Care Community,1971,161
1171,"Repair Services (Vehicle, Shoe, Locksmith, etc.)",2000,213.9
1172,Multifamily Housing,1927,63
1173,K-12 School,1972,78.7
1174,Social/Meeting Hall,2000,88.5
1175,K-12 School,1972,186.6
1178,Other - Lodging/Residential,1987,128.8
1179,K-12 School,1892,68.5
1180,K-12 School,1899,91.6
1182,Supermarket/Grocery Store,2005,208.1
1183,Multifamily Housing,1940,57.7
1184,K-12 School,1978,5.4
1185,Strip Mall,1991,132.7
1186,Non-Refrigerated Warehouse,2009,32
1187,"Repair Services (Vehicle, Shoe, Locksmith, etc.)",2000,23.1
1188,Police Station,2000,140
1189,Non-Refrigerated Warehouse,1988,40.7
1191,Single Family Home,2000,7.3
1192,Other - Specialty Hospital,1954,149.5
1193,Multifamily Housing,2010,82
1194,K-12 School,1970,61.6
1195,Multifamily Housing,1982,107.6
1196,College/University,1951,94.8
1197,Library,2000,65.5
1198,Senior Care Community,1996,128
1199,Multifamily Housing,1950,95.6
1200,Multifamily Housing,1920,66.7
1201,Other - Specialty Hospital,1980,74.7
1202,K-12 School,1931,40.8
1203,Mixed Use Property,1955,50.5
1204,Multifamily Housing,1976,101.3
1205,Multifamily Housing,2000,85.6
1206,Multifamily Housing,1980,86.6
1207,Multifamily Housing,2005,34.5
1208,K-12 School,1963,84.1
1209,Other - Mall,1925,64.6
1210,Medical Office,1996,199.1
1211,Multifamily Housing,1985,42.5
1212,Residential Care Facility,1899,75
1214,Multifamily Housing,2006,50
1215,Other - Lodging/Residential,1982,171.1
1216,Other - Lodging/Residential,1906,53.4
1217,Multifamily Housing,1981,97.3
1218,K-12 School,1936,59.1
1219,Other - Lodging/Residential,1987,145.7
1220,Social/Meeting Hall,2000,51.1
1221,College/University,2009,206.7
1222,K-12 School,1931,51.8
1224,Swimming Pool,2000,351.8
1225,K-12 School,1932,63.4
1226,Multifamily Housing,1900,8.5
1227,Veterinary Office,2000,250.1
1228,Multifamily Housing,1900,71.7
1229,K-12 School,1913,50.6
1230,Other - Lodging/Residential,2015,18.1
1231,Library,2000,75.9
1232,K-12 School,1929,71.5
1234,Self-Storage Facility,1910,250.3
1235,K-12 School,1932,71.7
1236,Multifamily Housing,1900,64.8
1237,K-12 School,1969,63.8
1238,K-12 School,1971,76.6
1239,Multifamily Housing,1987,29.7
1240,Social/Meeting Hall,2000,77.9
1241,Outpatient Rehabilitation/Physical Therapy,1940,50.6
1242,Multifamily Housing,1968,74.4
1243,Multifamily Housing,1999,236.4
1244,Fire Station,2000,79.2
1245,Supermarket/Grocery Store,2001,238.9
1246,Multifamily Housing,1900,97
1247,"Repair Services (Vehicle, Shoe, Locksmith, etc.)",1905,9.9
1248,Office,1905,128.6
1249,"Repair Services (Vehicle, Shoe, Locksmith, etc.)",1905,25.4
1250,"Repair Services (Vehicle, Shoe, Locksmith, etc.)",1905,109.4
1251,K-12 School,1928,73
1252,Multifamily Housing,1967,30.6
1253,Senior Care Community,2006,89.2
1254,K-12 School,1976,145.6
1255,Retail Store,1994,77
1256,Hospital (General Medical & Surgical),1980,62.2
1257,Multifamily Housing,1968,72.7
1258,Automobile Dealership,2005,39.8
1260,Police Station,2000,215.3
1261,Social/Meeting Hall,2000,74.1
1262,K-12 School,1972,118.8
1263,Multifamily Housing,1979,100.7
1264,Fire Station,2000,102.3
1265,Library,2000,58
1266,Fitness Center/Health Club/Gym,2016,287.4
1267,Multifamily Housing,1986,113.2
1268,K-12 School,1919,58.1
1269,Mixed Use Property,2000,14.9
1270,Senior Care Community,1991,114.3
1271,Multifamily Housing,1974,67.1
1272,"Repair Services (Vehicle, Shoe, Locksmith, etc.)",2000,93.3
1273,K-12 School,1935,48.9
1274,Multifamily Housing,1947,61.2
1275,Multifamily Housing,2012,52.5
1276,Other - Lodging/Residential,1983,44.6
1277,Fire Station,2000,61.5
1278,Multifamily Housing,1970,63.2
1279,K-12 School,1925,62.8
1280,Swimming Pool,2000,272.9
1281,K-12 School,1953,56.5
1282,"Repair Services (Vehicle, Shoe, Locksmith, etc.)",1905,8.7
1283,Multifamily Housing,1982,76.6
1285,Multifamily Housing,1976,62.6
1286,Parking,1975,5.9
1287,Other,1948,179.5
1289,Mixed Use Property,1908,36.6
1290,Multifamily Housing,1990,54.5
1291,Multifamily Housing,1986,351.4
1292,Multifamily Housing,1912,57.2
1293,Multifamily Housing,1935,36.7
1294,Multifamily Housing,1900,9.4
1295,Multifamily Housing,1920,115.6
1296,Multifamily Housing,1920,55
1297,Office,1990,78.3
1298,Multifamily Housing,1974,34.9
1299,Other - Lodging/Residential,1980,13.4
1300,Mixed Use Property,1920,32.8
1301,Multifamily Housing,1989,76.7
1303,Parking,2006,100.3
1304,Multifamily Housing,2015,35.5
1305,Office,1985,140.3
1306,Multifamily Housing,1968,60.2
1307,Multifamily Housing,1980,52.8
1308,Multifamily Housing,1981,62.8
1309,Office,2000,61.8
1310,Office,1984,60.5
1311,Multifamily Housing,1920,165.7
1313,Office,2006,77.6
1314,Multifamily Housing,1920,67.7
1315,K-12 School,1906,46.3
1316,Library,2000,92.7
1318,"Repair Services (Vehicle, Shoe, Locksmith, etc.)",2000,32.1
1319,Multifamily Housing,1912,78
1320,Library,2000,36.1
1321,Distribution Center,1920,23.1
1322,Multifamily Housing,1990,63.1
1323,K-12 School,1975,128.5
1324,Hotel,1990,59.6
1326,Indoor Arena,1926,109.5
1327,Fire Station,2000,131.6
1328,Other,1931,99.5
1330,Swimming Pool,1977,166.7
1331,Multifamily Housing,1910,19.9
1332,Other - Lodging/Residential,1988,25.9
1333,Multifamily Housing,2013,53.3
1334,Supermarket/Grocery Store,2005,257.4
1335,Office,1930,24.9
1337,Multifamily Housing,2012,48.8
1338,Other - Recreation,1999,84.9
1339,Ice/Curling Rink,1978,108.9
1340,Multifamily Housing,1955,78.8
1341,Other - Recreation,1977,35.1
1342,Other - Recreation,1899,178.1
1343,Multifamily Housing,1990,60.6
1344,Multifamily Housing,2014,47.7
1345,Fitness Center/Health Club/Gym,1964,68.3
1346,Stadium (Open),1903,27.1
1347,Multifamily Housing,1984,26.6
1348,Retail Store,2005,43.1
1350,Multifamily Housing,2003,66.6
1351,Senior Care Community,1975,117.9
1352,Multifamily Housing,1900,66
1353,Office,1975,17.1
1354,Fire Station,2000,357.5
1355,Multifamily Housing,1972,62.9
1356,Medical Office,1988,46.2
1357,Residence Hall/Dormitory,1990,67.2
1358,Multifamily Housing,1920,105.9
1359,Multifamily Housing,1982,126.2
1360,Multifamily Housing,1920,118.6
1361,K-12 School,1926,46
1362,Other - Lodging/Residential,1979,49.7
1363,Hotel,1966,97.7
1364,Multifamily Housing,1963,60.5
1365,Multifamily Housing,1930,108.5
1366,Office,2007,84.5
1367,Multifamily Housing,1935,40.3
1368,Fire Station,2000,126.6
1369,Multifamily Housing,1986,27.3
1370,Multifamily Housing,1985,63.8
1371,Self-Storage Facility,2007,13.9
1372,Manufacturing/Industrial Plant,1965,53.3
1374,Parking,2001,81.9
1376,Other - Specialty Hospital,1945,93
1377,Non-Refrigerated Warehouse,2008,8.4
1378,Worship Facility,1934,29.3
1379,Automobile Dealership,1970,94.7
1380,Multifamily Housing,1925,84.7
1381,Multifamily Housing,1900,57
1382,Multifamily Housing,1920,62.8
1383,Multifamily Housing,2003,39.2
1384,Multifamily Housing,1920,91.7
1385,Multifamily Housing,1920,109.5
1386,Multifamily Housing,1920,40.9
1388,Office,2002,0
1389,Other - Lodging/Residential,1999,36.4
1390,Multifamily Housing,1970,2.8
1391,Multifamily Housing,1920,77.8
1392,Multifamily Housing,1920,93.2
1393,Multifamily Housing,1920,274.1
1394,Multifamily Housing,1910,125
1395,Multifamily Housing,1982,122.8
1396,Multifamily Housing,1920,55.1
1397,Multifamily Housing,1988,328.8
1399,Multifamily Housing,1937,91.2
1400,K-12 School,1924,49
1401,Senior Care Community,2000,66.8
1402,Office,1999,78.1
1403,K-12 School,1895,58.1
1404,Other - Education,1911,28
1405,Residence Hall/Dormitory,2008,24
1406,Multifamily Housing,1920,106.6
1407,Office,2000,7.9
1408,Office,2007,47.8
1409,Self-Storage Facility,1930,1.5
1410,K-12 School,1930,37.8
1411,Multifamily Housing,1978,75.6
1412,Multifamily Housing,1971,84.5
1413,Multifamily Housing,1995,67.7
1414,Multifamily Housing,2003,47.4
1415,Multifamily Housing,1981,87.7
1416,Multifamily Housing,1985,15.1
1417,Library,2000,21.8
1418,Multifamily Housing,1899,91.6
1419,Multifamily Housing,1913,10.5
1421,Other - Lodging/Residential,1929,105.7
1422,Library,2000,105.4
1423,Multifamily Housing,2007,100.6
1424,Multifamily Housing,2013,71.5
1425,Multifamily Housing,1965,86.8
1426,Fire Station,2000,113.7
1427,Multifamily Housing,1997,48
1428,Multifamily Housing,1980,62.1
1429,Multifamily Housing,1920,79.2
1430,Multifamily Housing,1915,45.3
1431,K-12 School,1926,70.7
1432,K-12 School,1901,52.2
1433,K-12 School,1932,66
1434,Fitness Center/Health Club/Gym,2004,346.9
1435,Multifamily Housing,1920,117.8
1436,Hospital (General Medical & Surgical),1960,220.3
1437,Medical Office,1938,93.3
1440,Multifamily Housing,1920,85.7
1441,Multifamily Housing,1970,106.8
1442,Multifamily Housing,1981,70.1
1443,K-12 School,1925,62.2
1444,Multifamily Housing,1910,81.8
1445,Multifamily Housing,2005,24.5
1446,Multifamily Housing,1978,62.6
1448,Non-Refrigerated Warehouse,1915,12.7
1449,Supermarket/Grocery Store,2001,225.2
1450,Social/Meeting Hall,2000,20.4
1451,Police Station,2000,44.7
1452,K-12 School,1960,55.1
1454,Multifamily Housing,1920,85.8
1455,Multifamily Housing,1980,79.7
1456,Supermarket/Grocery Store,1999,295.7
1457,K-12 School,2010,71.9
1458,K-12 School,1902,44
1459,Multifamily Housing,1964,98.5
1460,Police Station,2000,664.5
1462,Self-Storage Facility,1997,21.4
1463,K-12 School,1956,51.6
1464,Multifamily Housing,2004,35.9
1467,K-12 School,1926,59.2
1468,K-12 School,1947,70.9
1469,Multifamily Housing,2000,66.7
1470,K-12 School,1956,53.1
1471,Multifamily Housing,1900,29.4
1472,Office,2000,20.3
1473,K-12 School,2015,46.1
1474,"Repair Services (Vehicle, Shoe, Locksmith, etc.)",2000,138
1477,K-12 School,1957,39
1478,Non-Refrigerated Warehouse,1940,83.5
1479,K-12 School,1929,67.4
1480,Mixed Use Property,1985,3.4
1481,Police Station,2000,9.4
1483,Mixed Use Property,1920,12.7
1484,K-12 School,1967,74.8
1485,Adult Education,1904,77
1486,Distribution Center,1950,6.4
1487,Office,1925,62.4
1488,College/University,1920,7.3
1489,Office,2015,67.3
1490,Office,1940,40
1491,Other - Entertainment/Public Assembly,2000,109.4
1492,College/University,1963,68.6
1493,Residence Hall/Dormitory,1926,40.5
1494,Office,1927,42.1
1495,Office,1940,33.3
1496,Residence Hall/Dormitory,1926,49.9
1497,Library,1927,76
1498,Office,1965,102.7
1499,Office,1974,64.7
1500,Residence Hall/Dormitory,1926,102.4
1501,College/University,1953,59.9
1502,College/University,2002,95.5
1503,Performing Arts,1969,48.2
1504,Office,1965,90.1
1505,Single Family Home,1929,50.2
1506,Residence Hall/Dormitory,1926,65.1
1507,Residence Hall/Dormitory,1969,72.1
1508,Social/Meeting Hall,1969,77
1509,Residence Hall/Dormitory,1999,64.7
1510,Office,1968,38.5
1511,Residence Hall/Dormitory,2012,41.5
1512,Office,1969,84.3
1513,Worship Facility,1992,96.3
1514,Office,1926,66.7
1515,Residence Hall/Dormitory,1926,63.6
1516,Office,1926,59.8
1517,Office,1926,30.5
1518,Mixed Use Property,1990,114.1
1519,Residence Hall/Dormitory,1926,44.1
1520,Office,1926,63.1
1522,Fire Station,2000,10.6
1523,Police Station,2000,15.2
1527,Police Station,2000,214.6
1528,Fire Station,2000,26.5
1529,Multifamily Housing,1900,34.6
1530,Office,1972,67.3
1531,Office,2001,73.8
1532,Hotel,1990,96.4
1533,Supermarket/Grocery Store,2003,286.7
1534,Retail Store,2000,60.3
1535,Multifamily Housing,1968,91.3
1536,Multifamily Housing,2006,138.2
1537,Multifamily Housing,1968,88.2
1538,Retail Store,2000,120.2
1539,Multifamily Housing,1968,89.3
1540,Office,1965,102.2
1541,Police Station,2000,151.6
1542,Office,1968,110.7
1543,Office,1966,74.7
1544,Other,1958,86.7
1545,Office,1985,61.5
1546,Financial Office,2014,59.1
1547,Office,1920,10.5
1548,Office,1903,63.6
1549,Office,2015,56.4
1550,Laboratory,2013,151.2
1551,Financial Office,1900,81.1
1552,Office,1918,224.8
1553,Financial Office,1900,84.4
1554,Multifamily Housing,2013,35.3
1555,Multifamily Housing,2005,36.5
1557,Parking,1999,5.2
1560,Office,1984,70.7
1561,Multifamily Housing,2000,59.4
1562,Office,1985,76.9
1563,Mixed Use Property,2000,140.3
1564,Multifamily Housing,2015,56.7
1565,Multifamily Housing,2006,51.1
1566,Office,1920,86.2
1567,Office,1975,114.5
1568,Multifamily Housing,1983,40.9
1569,Multifamily Housing,2004,107.7
1570,Museum,2006,232.5
1571,Office,1903,56.4
1572,Office,1902,64.9
1573,Office,1900,48.8
1574,Office,1900,74.1
1575,Office,1980,116.2
1576,Office,1899,30.9
1577,Office,1898,56.6
1578,Office,2002,138.2
1579,Office,1904,56
1580,Office,1899,62.9
1581,Office,1990,114.3
1582,Office,1900,63.7
1583,Office,2010,77.3
1584,Office,1903,119.6
1585,Office,1900,70.6
1586,Office,1904,66.4
1587,Multifamily Housing,1950,48.7
1588,Fire Station,2000,11.8
1589,Office,2004,28.5
1590,Office,1904,55.8
1591,Office,1890,51.6
1593,Office,2013,72.8
1594,Office,1911,44
1595,Office,1980,98.4
1596,Office,1895,62.9
1597,Office,1980,73.6
1598,Office,1907,43.4
1599,Office,1888,177.7
1600,Multifamily Housing,1996,164.4
1601,Multifamily Housing,2004,58.2
1602,Office,1900,92
1603,Mixed Use Property,1918,67.1
1604,Hotel,1901,15.2
1605,Office,1980,51.6
1606,Multifamily Housing,1907,155.7
1607,Office,1984,75.7
1609,Multifamily Housing,2014,57
1610,Hotel,2006,107.3
1611,Office,1900,40.1
1612,Multifamily Housing,1996,61.1
1613,Office,1980,99
1615,Office,1893,51.7
1616,Office,2001,66.3
1618,Laboratory,2013,148.5
1619,Hotel,2006,49
1620,Multifamily Housing,2014,67.4
1621,Office,1915,58.6
1622,Office,1929,50.7
1623,Other - Lodging/Residential,2011,81.4
1624,Financial Office,1978,88.3
1625,Financial Office,2004,58
1626,Hotel,2008,113.6
1627,Hotel,2008,36.4
1628,Multifamily Housing,2012,51.6
1629,Office,1905,127.8
1630,Other,2001,161.9
1632,Office,2009,35.4
1633,Multifamily Housing,2006,89.9
1634,Hotel,1998,169.6
1635,Other,1995,547.2
1636,Residence Hall/Dormitory,2000,54.8
1637,Other - Stadium,2002,100.5
1638,Office,2012,153.7
1639,Multifamily Housing,1988,7.2
1640,Multifamily Housing,1924,130.7
1641,Residence Hall/Dormitory,1977,62.6
1642,Multifamily Housing,1990,110.7
1644,Supermarket/Grocery Store,1999,296.7
1645,Multifamily Housing,1910,49.6
1646,Multifamily Housing,1990,56.4
1647,Mixed Use Property,1920,86.3
1648,Office,1990,271.5
1649,Multifamily Housing,1920,141.2
1650,Multifamily Housing,1930,0.3
1651,Multifamily Housing,1990,51.7
1652,College/University,1923,4.3
1653,Multifamily Housing,1930,113.2
1654,College/University,1911,315.1
1655,Multifamily Housing,1920,51.6
1656,Multifamily Housing,1920,72.1
1657,College/University,1920,79.4
1659,Multifamily Housing,1920,121.3
1660,Multifamily Housing,1920,46.3
1661,Multifamily Housing,1920,36.5
1662,Distribution Center,1958,119.2
1663,Multifamily Housing,2005,59.9
1665,Multifamily Housing,1950,81.4
1666,Mixed Use Property,1950,63.8
1667,Mixed Use Property,1920,252.2
1668,Hotel,1959,155.3
1669,Multifamily Housing,2014,94.5
1670,Office,1990,180
1671,Mixed Use Property,2015,92.8
1672,Medical Office,1900,192.7
1673,Multifamily Housing,2008,58.5
1674,Multifamily Housing,1926,2.1
1675,Residence Hall/Dormitory,1958,83.4
1677,Multifamily Housing,1926,86.3
1678,College/University,1900,105.2
1679,College/University,1900,17.8
1680,Residence Hall/Dormitory,2008,102.9
1681,Multifamily Housing,2007,33.9
1682,Residence Hall/Dormitory,2013,112.9
1683,Residence Hall/Dormitory,1910,52.2
1684,Multifamily Housing,2006,60.5
1685,K-12 School,1998,65.3
1686,College/University,1967,57.3
1687,Laboratory,1905,134.7
1688,Multifamily Housing,1899,74.6
1689,Laboratory,1983,386.6
1690,Multifamily Housing,1920,56.7
1691,Residence Hall/Dormitory,1910,79.7
1692,Worship Facility,2003,27.4
1693,Outpatient Rehabilitation/Physical Therapy,1930,385.2
1694,Multifamily Housing,1914,60
1695,Multifamily Housing,1920,90.7
1696,Other,1968,76.2
1697,Multifamily Housing,1987,98.2
1698,Office,1928,220
1699,Multifamily Housing,1960,5.6
1700,Performing Arts,1924,69.3
1701,College/University,1900,75.8
1702,Office,1913,340.7
1703,Multifamily Housing,1972,79.7
1704,Residence Hall/Dormitory,1963,75.4
1705,Parking,1991,13.5
1706,Mixed Use Property,1899,6.1
1707,Indoor Arena,1972,294.2
1708,Other - Lodging/Residential,1990,51.9
1709,College/University,1986,62.8
1710,Laboratory,1917,213.1
1712,Residence Hall/Dormitory,2008,82.9
1713,Hospital (General Medical & Surgical),1975,329.8
1714,Other,1952,639.4
1715,Laboratory,1913,166.3
1716,Laboratory,2014,254.8
1717,Multifamily Housing,1978,93.3
1718,Hotel,1925,1.3
1719,Multifamily Housing,1897,76.5
1720,Multifamily Housing,1978,62.1
1721,Stadium (Open),1912,125.3
1722,Mixed Use Property,1969,127.8
1723,Multifamily Housing,1897,56.1
1724,Office,1928,74.5
1725,Residence Hall/Dormitory,1896,109
1726,Other,1986,405.8
1727,Laboratory,1968,277.7
1728,Other,1975,382
1729,"Repair Services (Vehicle, Shoe, Locksmith, etc.)",2000,45.5
1730,Other,2010,401.2
1731,Energy/Power Station,1980,103.4
1732,Worship Facility,1972,27.8
1733,Medical Office,1980,138.7
1734,K-12 School,1923,57.8
1735,Hotel,2003,145.6
1736,Multifamily Housing,1920,81.3
1737,Residence Hall/Dormitory,1926,80
1738,Residence Hall/Dormitory,1915,80.1
1740,College/University,1905,109.1
1741,Mixed Use Property,1925,117.5
1742,Residence Hall/Dormitory,1992,99.2
1743,Multifamily Housing,1965,57.8
1744,Office,1996,91.3
1745,Multifamily Housing,2004,90.8
1746,Laboratory,1983,321.5
1747,Parking,1920,3.6
1748,College/University,1981,95.4
1749,Residence Hall/Dormitory,1926,75.8
1750,College/University,2016,11.2
1751,College/University,1902,106.9
1752,Multifamily Housing,1920,86.3
1753,College/University,1957,91.8
1754,Office,1990,61.3
1755,Hotel,1895,73
1756,College/University,1909,35.4
1757,Office,1990,113.5
1758,Other - Stadium,1962,0.3
1759,College/University,1938,88.6
1760,Laboratory,1997,219.1
1761,College/University,1917,52.1
1762,Residence Hall/Dormitory,1966,86.3
1763,Multifamily Housing,1978,95.1
1764,Multifamily Housing,1915,79.6
1765,Residence Hall/Dormitory,1974,84.9
1766,College/University,1947,246.4
1767,College/University,1964,169
1768,Library,1966,129.6
1769,College/University,1963,151.1
1770,College/University,1931,132.5
1771,Multifamily Housing,1920,61
1772,Multifamily Housing,2006,59.9
1773,College/University,1919,101.7
1774,Multifamily Housing,1985,108.4
1775,College/University,1926,174.9
1776,Office,1915,197
1777,Residence Hall/Dormitory,1923,79.8
1778,Fitness Center/Health Club/Gym,2004,128.5
1779,Indoor Arena,2004,101.6
1780,Laboratory,1994,355.8
1781,K-12 School,1929,65.1
1782,Office,1981,472
1783,Social/Meeting Hall,2000,81.7
1784,Multifamily Housing,1920,104.3
1785,Medical Office,1950,332.7
1786,Other - Stadium,2000,327.3
1788,College/University,1863,80.7
1789,Multifamily Housing,2006,38.8
1790,Multifamily Housing,2006,71.9
1791,Medical Office,1984,175.2
1792,Multifamily Housing,1942,177.3
1793,Multifamily Housing,1976,78.9
1795,Multifamily Housing,1967,87.1
1796,Supermarket/Grocery Store,2002,274.9
1797,Multifamily Housing,1900,78.2
1798,Hospital (General Medical & Surgical),1960,200
